{
  "stick_a_px": [
    1784.6661801707073,
    1590.7463837102484
  ],
  "stick_b_px": [
    1784.6661801707073,
    1515.624275733544
  ],
  "known_length_cm": 1.0,
  "origin_px": [
    1773.3866251834131,
    1516.087381368725
  ],
  "scale_cm_per_px": 0.013311660534207884
}