{
  "stick_a_px": [
    1783.659280935928,
    1514.1133522353819
  ],
  "stick_b_px": [
    1784.7501926548018,
    1590.1135353169316
  ],
  "known_length_cm": 1.0,
  "origin_px": [
    1771.2956147886903,
    1514.4769894750066
  ],
  "scale_cm_per_px": 0.013156507731361731
}